epoch,train_loss,val_loss,lr,epoch_time_s,train_time_s,val_time_s,best_val_loss,best_epoch,grad_norm_mean,grad_norm_max
1,0.34775279,0.34779016,1.50e-05,1273.9,1021.8,252.2,0.34779016,1,0.5720,0.5936
2,0.19473381,0.14456599,3.00e-05,58.7,52.3,6.4,0.14456599,2,inf,inf
3,0.10885583,0.07456988,4.50e-05,59.7,51.5,8.1,0.07456988,3,0.5207,24.1019
4,0.05502005,0.04278562,6.00e-05,59.8,53.1,6.7,0.04278562,4,0.2335,7.4928
5,0.03553410,0.02995592,7.50e-05,62.7,55.4,7.3,0.02995592,5,0.1176,0.7598
6,0.02639064,0.02280927,9.00e-05,61.7,54.8,6.9,0.02280927,6,0.1122,0.6349
7,0.02070817,0.01943433,1.05e-04,58.9,52.0,6.9,0.01943433,7,0.0987,0.3407
8,0.01779353,0.01614555,1.20e-04,60.3,53.4,7.0,0.01614555,8,0.0877,0.3393
9,0.01587927,0.01446292,1.35e-04,61.8,54.8,7.0,0.01446292,9,0.0785,0.3382
10,0.01456418,0.01368216,1.50e-04,59.0,50.8,8.2,0.01368216,10,0.0763,0.2765
11,0.01410562,0.01387456,1.50e-04,62.7,55.6,7.1,0.01368216,10,0.0759,0.4722
12,0.01263413,0.01155801,1.50e-04,66.9,58.4,8.4,0.01155801,12,0.0667,0.2076
13,0.01160916,0.01203896,1.50e-04,57.6,51.0,6.6,0.01155801,12,0.0579,0.2163
14,0.01097312,0.01210769,1.50e-04,62.2,54.9,7.3,0.01155801,12,0.0574,0.2004
15,0.01030869,0.00961459,1.50e-04,64.1,58.1,6.0,0.00961459,15,0.0547,0.2247
16,0.00975305,0.00984552,1.50e-04,61.0,52.8,8.2,0.00961459,15,0.0528,0.1849
17,0.00932467,0.00868264,1.49e-04,63.7,56.2,7.4,0.00868264,17,0.0517,0.1751
18,0.00895481,0.00842469,1.49e-04,57.3,50.9,6.4,0.00842469,18,0.0512,0.1693
19,0.00858002,0.00858607,1.49e-04,62.1,54.0,8.1,0.00842469,18,0.0479,0.1812
20,0.00833578,0.00937682,1.49e-04,57.5,51.0,6.5,0.00842469,18,0.0477,0.1375
21,0.00809192,0.00839312,1.49e-04,58.7,52.4,6.2,0.00839312,21,0.0464,0.1611
22,0.00778599,0.00858292,1.49e-04,55.0,48.6,6.3,0.00839312,21,0.0420,0.1133
23,0.00774368,0.00740096,1.48e-04,59.2,51.4,7.8,0.00740096,23,0.0436,0.3377
24,0.00749417,0.00711388,1.48e-04,60.2,53.4,6.9,0.00711388,24,0.0413,0.1081
25,0.00734637,0.00703523,1.48e-04,58.2,52.0,6.1,0.00703523,25,0.0398,0.1205
26,0.00716578,0.00726167,1.47e-04,59.8,52.1,7.6,0.00703523,25,0.0376,0.1163
27,0.00717388,0.00703794,1.47e-04,57.2,51.1,6.1,0.00703523,25,0.0393,0.1739
28,0.00697839,0.00780308,1.47e-04,61.3,54.5,6.8,0.00703523,25,inf,inf
29,0.00689809,0.00673187,1.46e-04,55.9,49.7,6.2,0.00673187,29,inf,inf
30,0.00680199,0.00652612,1.46e-04,61.1,54.2,6.9,0.00652612,30,0.0359,0.1076
31,0.00662926,0.00685905,1.46e-04,62.2,54.2,7.9,0.00652612,30,0.0338,0.2159
32,0.00662986,0.00635622,1.45e-04,63.4,56.9,6.4,0.00635622,32,0.0349,0.1243
33,0.00666840,0.00650254,1.45e-04,56.3,50.0,6.3,0.00635622,32,0.0365,0.2526
34,0.00638527,0.00672211,1.44e-04,59.1,52.9,6.2,0.00635622,32,inf,inf
35,0.00646923,0.01111394,1.44e-04,59.5,53.5,6.0,0.00635622,32,0.0347,0.2922
36,0.00632699,0.00611916,1.43e-04,61.6,53.4,8.2,0.00611916,36,0.0331,0.1173
37,0.00614498,0.00626677,1.43e-04,63.3,55.7,7.6,0.00611916,36,0.0302,0.1743
38,0.00605119,0.00610339,1.42e-04,63.1,55.5,7.6,0.00610339,38,0.0295,0.1274
39,0.00594102,0.00583671,1.42e-04,59.7,52.9,6.8,0.00583671,39,0.0289,0.0881
40,0.00593170,0.00576001,1.41e-04,58.9,52.2,6.7,0.00576001,40,0.0292,0.2462
41,0.00588094,0.00581136,1.40e-04,62.7,56.1,6.7,0.00576001,40,inf,inf
42,0.00574854,0.00581401,1.40e-04,63.0,55.8,7.2,0.00576001,40,0.0275,0.0941
43,0.00575761,0.00564517,1.39e-04,65.8,58.5,7.3,0.00564517,43,0.0296,0.1404
44,0.00582942,0.00583110,1.38e-04,66.0,57.9,8.1,0.00564517,43,0.0307,0.2770
45,0.00565172,0.00559696,1.38e-04,58.2,50.0,8.2,0.00559696,45,0.0280,0.1268
46,0.00575332,0.00560111,1.37e-04,58.2,52.1,6.1,0.00559696,45,inf,inf
47,0.00555764,0.00544784,1.36e-04,55.6,48.9,6.7,0.00544784,47,0.0277,0.1028
48,0.00551388,0.00562447,1.36e-04,62.9,54.7,8.2,0.00544784,47,0.0270,0.2167
49,0.00545888,0.00548414,1.35e-04,63.3,56.3,7.0,0.00544784,47,0.0267,0.0674
50,0.00541439,0.00534083,1.34e-04,63.5,56.5,7.0,0.00534083,50,0.0255,0.1194
51,0.00536425,0.00541112,1.33e-04,64.2,56.7,7.6,0.00534083,50,0.0260,0.0675
52,0.00551720,0.00537712,1.33e-04,60.8,52.2,8.6,0.00534083,50,0.0291,0.2311
53,0.00534666,0.00544613,1.32e-04,69.1,60.6,8.5,0.00534083,50,0.0261,0.0672
54,0.00533765,0.00524174,1.31e-04,60.0,52.7,7.3,0.00524174,54,0.0276,0.1067
55,0.00527599,0.00529029,1.30e-04,64.1,55.6,8.5,0.00524174,54,inf,inf
56,0.00525262,0.00522902,1.29e-04,64.5,57.5,7.1,0.00522902,56,0.0252,0.0995
57,0.00522153,0.00529238,1.28e-04,68.6,60.1,8.5,0.00522902,56,0.0257,0.0963
58,0.00518781,0.00512454,1.28e-04,63.0,56.3,6.7,0.00512454,58,inf,inf
59,0.00528440,0.00618008,1.27e-04,59.5,52.5,6.9,0.00512454,58,0.0271,0.3058
60,0.00513018,0.00503521,1.26e-04,64.3,57.9,6.4,0.00503521,60,0.0227,0.1005
61,0.00509851,0.00500955,1.25e-04,57.0,49.8,7.1,0.00500955,61,0.0244,0.1191
62,0.00502018,0.00501651,1.24e-04,72.0,62.1,9.9,0.00500955,61,0.0222,0.0970
63,0.00499554,0.00495499,1.23e-04,63.0,55.9,7.1,0.00495499,63,inf,inf
64,0.00498356,0.00495109,1.22e-04,62.1,54.8,7.3,0.00495109,64,inf,inf
65,0.00498983,0.00494175,1.21e-04,64.8,56.0,8.8,0.00494175,65,0.0246,0.1070
66,0.00500467,0.00567655,1.20e-04,72.2,63.0,9.3,0.00494175,65,0.0260,0.2967
67,0.00500537,0.00488851,1.19e-04,65.3,58.7,6.6,0.00488851,67,0.0263,0.2667
68,0.00492996,0.00491009,1.18e-04,66.8,58.7,8.1,0.00488851,67,0.0235,0.2565
69,0.00494583,0.00495507,1.17e-04,67.2,58.6,8.6,0.00488851,67,inf,inf
70,0.00484250,0.00488036,1.16e-04,68.6,60.4,8.2,0.00488036,70,0.0224,0.0592
71,0.00506342,0.00481857,1.15e-04,66.3,57.8,8.5,0.00481857,71,0.0278,0.8848
72,0.00495744,0.00492284,1.14e-04,61.6,52.8,8.8,0.00481857,71,0.0256,0.5170
73,0.00481243,0.00479835,1.13e-04,66.3,59.7,6.6,0.00479835,73,0.0223,0.0550
74,0.00479396,0.00469163,1.12e-04,58.8,52.4,6.3,0.00469163,74,0.0218,0.1765
75,0.00472380,0.00471228,1.11e-04,57.8,51.0,6.8,0.00469163,74,0.0210,0.0531
76,0.00475571,0.00478991,1.10e-04,58.6,52.3,6.3,0.00469163,74,0.0233,0.0847
77,0.00468843,0.00466545,1.08e-04,60.2,52.9,7.3,0.00466545,77,0.0215,0.0494
78,0.00470468,0.00462731,1.07e-04,54.3,47.9,6.3,0.00462731,78,0.0231,0.1084
79,0.00467642,0.00470527,1.06e-04,55.2,49.0,6.3,0.00462731,78,0.0219,0.2142
80,0.00463074,0.00469843,1.05e-04,63.0,55.0,8.0,0.00462731,78,0.0212,0.0657
81,0.00463013,0.00460187,1.04e-04,61.7,55.1,6.6,0.00460187,81,0.0218,0.0805
82,0.00471770,0.00459455,1.03e-04,61.3,53.4,7.9,0.00459455,82,inf,inf
83,0.00458489,0.00460653,1.02e-04,59.4,52.4,7.0,0.00459455,82,0.0207,0.0585
84,0.00457311,0.00458530,1.01e-04,60.6,52.5,8.1,0.00458530,84,0.0211,0.0514
85,0.00458400,0.00455228,9.94e-05,63.7,55.9,7.8,0.00455228,85,inf,inf
86,0.00457121,0.00451417,9.82e-05,64.3,57.8,6.5,0.00451417,86,0.0224,0.0685
87,0.00459835,0.00458285,9.70e-05,65.0,57.0,8.0,0.00451417,86,0.0224,0.1748
88,0.00450449,0.00455541,9.58e-05,64.9,57.6,7.4,0.00451417,86,0.0196,0.0511
89,0.00455069,0.00457929,9.46e-05,62.5,55.4,7.1,0.00451417,86,0.0217,0.2999
90,0.00450025,0.00460200,9.34e-05,67.0,58.9,8.0,0.00451417,86,0.0199,0.0525
91,0.00449512,0.00452524,9.22e-05,63.8,54.9,8.9,0.00451417,86,0.0206,0.0703
92,0.00448867,0.00444098,9.10e-05,64.0,55.0,9.0,0.00444098,92,inf,inf
93,0.00447006,0.00508670,8.98e-05,67.6,59.5,8.1,0.00444098,92,0.0194,0.1661
94,0.00449065,0.00443160,8.86e-05,66.9,58.9,8.0,0.00443160,94,0.0218,0.0618
95,0.00445541,0.00444396,8.73e-05,64.3,57.1,7.2,0.00443160,94,0.0206,0.0760
96,0.00443518,0.00442281,8.61e-05,66.5,58.0,8.6,0.00442281,96,0.0203,0.0564
97,0.00443211,0.00447715,8.49e-05,69.2,59.9,9.4,0.00442281,96,inf,inf
98,0.00453212,0.00460702,8.37e-05,68.6,59.8,8.8,0.00442281,96,0.0239,0.4439
99,0.00443422,0.00439113,8.24e-05,64.6,57.7,6.9,0.00439113,99,0.0208,0.1270
100,0.00443915,0.00440599,8.12e-05,65.6,57.1,8.5,0.00439113,99,0.0209,0.3764
101,0.00439424,0.00435049,8.00e-05,66.3,58.3,8.0,0.00435049,101,0.0192,0.0913
102,0.00436100,0.00433316,7.87e-05,63.3,55.4,7.9,0.00433316,102,0.0189,0.0564
103,0.00436570,0.00462361,7.75e-05,62.5,56.1,6.4,0.00433316,102,0.0191,0.1931
104,0.00437797,0.00443697,7.62e-05,64.1,57.0,7.0,0.00433316,102,0.0209,0.2005
105,0.00433585,0.00431925,7.50e-05,66.2,59.4,6.8,0.00431925,105,0.0190,0.0475
106,0.00431982,0.00436681,7.38e-05,64.1,56.9,7.3,0.00431925,105,0.0184,0.0572
107,0.00430508,0.00430405,7.25e-05,60.3,53.5,6.8,0.00430405,107,0.0183,0.0617
108,0.00429413,0.00432219,7.13e-05,58.6,50.6,8.0,0.00430405,107,0.0185,0.0567
109,0.00429503,0.00429707,7.00e-05,61.7,54.0,7.7,0.00429707,109,inf,inf
110,0.00427428,0.00433940,6.88e-05,61.2,55.0,6.2,0.00429707,109,0.0186,0.0462
111,0.00427824,0.00433078,6.76e-05,60.8,54.0,6.9,0.00429707,109,inf,inf
112,0.00434381,0.00426790,6.63e-05,60.1,53.5,6.6,0.00426790,112,0.0200,0.1820
113,0.00424823,0.00425354,6.51e-05,60.8,54.2,6.6,0.00425354,113,0.0181,0.1170
114,0.00425891,0.00424986,6.39e-05,60.1,52.5,7.6,0.00424986,114,0.0188,0.2185
115,0.00425574,0.00423581,6.27e-05,61.6,55.3,6.2,0.00423581,115,0.0187,0.1706
116,0.00421571,0.00422397,6.14e-05,58.3,51.5,6.7,0.00422397,116,0.0169,0.0423
117,0.00421220,0.00439301,6.02e-05,58.0,51.6,6.4,0.00422397,116,0.0178,0.0676
118,0.00421060,0.00422377,5.90e-05,56.7,49.5,7.3,0.00422377,118,0.0180,0.0474
119,0.00420011,0.00423724,5.78e-05,66.1,58.5,7.6,0.00422377,118,0.0179,0.1000
120,0.00421494,0.00427429,5.66e-05,64.5,57.3,7.2,0.00422377,118,0.0196,0.0843
121,0.00418389,0.00418062,5.54e-05,68.9,60.6,8.3,0.00418062,121,0.0182,0.0568
122,0.00416012,0.00416525,5.42e-05,63.0,56.7,6.4,0.00416525,122,0.0169,0.0368
123,0.00415690,0.00415867,5.30e-05,56.4,49.3,7.1,0.00415867,123,inf,inf
124,0.00416344,0.00416820,5.18e-05,62.0,53.7,8.3,0.00415867,123,0.0189,0.0913
125,0.00413499,0.00417427,5.06e-05,66.3,57.9,8.4,0.00415867,123,0.0169,0.0423
126,0.00412592,0.00413592,4.95e-05,58.5,51.6,7.0,0.00413592,126,0.0169,0.0423
127,0.00412447,0.00412036,4.83e-05,60.8,53.8,7.0,0.00412036,127,inf,inf
128,0.00411276,0.00413225,4.72e-05,60.3,52.2,8.1,0.00412036,127,0.0170,0.0444
129,0.00411967,0.00412902,4.60e-05,62.2,54.2,8.0,0.00412036,127,inf,inf
130,0.00409183,0.00411397,4.49e-05,66.1,57.7,8.4,0.00411397,130,0.0162,0.0347
131,0.00408352,0.00409427,4.37e-05,61.5,55.4,6.1,0.00409427,131,0.0167,0.0403
132,0.00407314,0.00411688,4.26e-05,63.3,55.0,8.3,0.00409427,131,0.0165,0.0394
133,0.00406870,0.00407870,4.15e-05,63.2,54.4,8.7,0.00407870,133,0.0167,0.0672
134,0.00407166,0.00408906,4.04e-05,60.0,53.4,6.6,0.00407870,133,inf,inf
135,0.00407358,0.00462911,3.93e-05,67.3,58.7,8.6,0.00407870,133,0.0168,0.1785
136,0.00406723,0.00405288,3.82e-05,64.8,57.4,7.4,0.00405288,136,0.0167,0.0672
137,0.00405338,0.00510463,3.71e-05,66.1,57.3,8.8,0.00405288,136,0.0164,0.2502
138,0.00404931,0.00408006,3.61e-05,61.7,55.3,6.4,0.00405288,136,inf,inf
139,0.00402856,0.00409809,3.50e-05,57.0,50.2,6.7,0.00405288,136,0.0158,0.0695
140,0.00405143,0.00405146,3.40e-05,62.1,54.0,8.2,0.00405146,140,0.0176,0.3144
141,0.00401260,0.00404685,3.29e-05,65.7,58.8,6.9,0.00404685,141,0.0153,0.0474
142,0.00400915,0.00403145,3.19e-05,54.7,48.7,6.0,0.00403145,142,0.0153,0.0393
143,0.00400510,0.00404101,3.09e-05,65.3,56.7,8.6,0.00403145,142,0.0158,0.0715
144,0.00400109,0.00401442,2.99e-05,62.5,53.9,8.5,0.00401442,144,0.0160,0.0787
145,0.00398636,0.00401656,2.89e-05,60.9,54.6,6.3,0.00401442,144,0.0146,0.0359
146,0.00398226,0.00401025,2.80e-05,61.5,53.9,7.6,0.00401025,146,0.0149,0.0424
147,0.00401302,0.00401569,2.70e-05,57.9,51.7,6.2,0.00401025,146,0.0170,0.1410
148,0.00398989,0.00399880,2.61e-05,62.5,56.2,6.2,0.00399880,148,inf,inf
149,0.00397336,0.00399295,2.51e-05,61.2,54.5,6.8,0.00399295,149,0.0152,0.0591
150,0.00397019,0.00400982,2.42e-05,65.7,57.4,8.4,0.00399295,149,0.0148,0.1627
151,0.00395798,0.00397785,2.33e-05,55.8,49.6,6.2,0.00397785,151,0.0140,0.0377
152,0.00396234,0.00399362,2.24e-05,59.4,52.7,6.6,0.00397785,151,0.0139,0.0734
153,0.00395504,0.00397335,2.15e-05,62.8,55.4,7.4,0.00397335,153,0.0148,0.0350
154,0.00395254,0.00405092,2.07e-05,59.4,53.2,6.1,0.00397335,153,inf,inf
155,0.00395060,0.00397315,1.98e-05,57.3,49.7,7.7,0.00397315,155,0.0145,0.0398
156,0.00393836,0.00396487,1.90e-05,57.8,51.2,6.7,0.00396487,156,0.0139,0.0465
157,0.00393906,0.00405804,1.82e-05,64.3,55.5,8.8,0.00396487,156,0.0146,0.5259
158,0.00394073,0.00395960,1.74e-05,63.7,56.5,7.2,0.00395960,158,0.0140,0.0326
159,0.00393246,0.00395580,1.66e-05,58.0,50.5,7.5,0.00395580,159,0.0138,0.0580
160,0.00392522,0.00395253,1.58e-05,58.7,52.2,6.6,0.00395253,160,0.0136,0.0317
161,0.00393038,0.00395536,1.51e-05,62.9,55.2,7.8,0.00395253,160,0.0139,0.0974
162,0.00391528,0.00396448,1.43e-05,63.1,55.4,7.7,0.00395253,160,0.0128,0.0387
163,0.00392492,0.00393984,1.36e-05,57.1,50.5,6.6,0.00393984,163,0.0135,0.1256
164,0.00390999,0.00394494,1.29e-05,60.4,53.3,7.2,0.00393984,163,0.0129,0.0334
165,0.00390712,0.00393598,1.22e-05,59.4,52.7,6.8,0.00393598,165,0.0131,0.0431
166,0.00391145,0.00393768,1.15e-05,59.6,50.4,9.2,0.00393598,165,0.0131,0.0765
167,0.00390108,0.00393271,1.09e-05,66.7,58.7,8.1,0.00393271,167,inf,inf
168,0.00389912,0.00392519,1.03e-05,62.2,55.8,6.4,0.00392519,168,0.0128,0.0369
169,0.00389382,0.00393905,9.64e-06,57.0,49.8,7.2,0.00392519,168,0.0122,0.0268
170,0.00389201,0.00392095,9.04e-06,55.4,49.1,6.3,0.00392095,170,0.0121,0.0366
171,0.00389266,0.00397161,8.46e-06,57.1,50.8,6.2,0.00392095,170,inf,inf
172,0.00389006,0.00392434,7.90e-06,59.9,53.7,6.2,0.00392095,170,inf,inf
173,0.00388921,0.00392046,7.35e-06,60.5,53.4,7.1,0.00392046,173,0.0119,0.0830
174,0.00388445,0.00392081,6.82e-06,61.4,54.0,7.5,0.00392046,173,0.0125,0.2650
175,0.00388023,0.00391234,6.32e-06,60.0,52.9,7.2,0.00391234,175,0.0114,0.0241
176,0.00387831,0.00391393,5.83e-06,63.0,56.7,6.3,0.00391234,175,0.0114,0.0328
177,0.00387635,0.00391005,5.36e-06,65.1,58.2,6.9,0.00391005,177,0.0114,0.0243
178,0.00387501,0.00390692,4.91e-06,58.8,51.9,6.9,0.00390692,178,inf,inf
179,0.00387357,0.00391193,4.48e-06,65.2,57.0,8.2,0.00390692,178,0.0113,0.0302
180,0.00387066,0.00390343,4.06e-06,63.0,55.3,7.8,0.00390343,180,0.0111,0.0400
181,0.00387338,0.00392737,3.67e-06,61.0,54.8,6.2,0.00390343,180,inf,inf
182,0.00386674,0.00390132,3.30e-06,60.5,52.1,8.4,0.00390132,182,0.0108,0.0283
183,0.00387176,0.00390209,2.94e-06,59.3,52.0,7.3,0.00390132,182,0.0110,0.1389
184,0.00386652,0.00400800,2.61e-06,62.4,53.9,8.5,0.00390132,182,0.0104,0.0599
185,0.00386425,0.00389893,2.29e-06,59.7,53.7,6.1,0.00389893,185,0.0106,0.2238
186,0.00386221,0.00389880,2.00e-06,63.3,54.6,8.7,0.00389880,186,0.0103,0.0675
187,0.00386280,0.00389855,1.73e-06,61.8,55.6,6.2,0.00389855,187,inf,inf
188,0.00385904,0.00389676,1.47e-06,59.8,52.1,7.6,0.00389676,188,0.0099,0.0227
189,0.00386082,0.00389743,1.24e-06,54.8,48.6,6.2,0.00389676,188,inf,inf
190,0.00388072,0.00389706,1.02e-06,55.6,49.0,6.6,0.00389676,188,0.0111,0.3965
191,0.00385646,0.00389869,8.29e-07,55.1,49.0,6.1,0.00389676,188,0.0095,0.0369
192,0.00385510,0.00389507,6.55e-07,60.9,53.4,7.5,0.00389507,192,0.0092,0.0271
193,0.00385865,0.00389461,5.02e-07,54.6,48.5,6.1,0.00389461,193,0.0094,0.0464
194,0.00385989,0.00389492,3.69e-07,57.9,51.5,6.4,0.00389461,193,0.0096,0.1557
195,0.00385667,0.00389460,2.56e-07,56.0,49.9,6.1,0.00389460,195,0.0095,0.0310
196,0.00385340,0.00389478,1.64e-07,64.1,56.9,7.2,0.00389460,195,0.0090,0.0170
197,0.00385672,0.00389589,9.23e-08,58.1,51.7,6.4,0.00389460,195,inf,inf
198,0.00385429,0.00389628,4.10e-08,58.7,50.9,7.7,0.00389460,195,0.0091,0.0319
199,0.00385415,0.00389420,1.03e-08,57.5,51.1,6.4,0.00389420,199,0.0090,0.0204
200,0.00385362,0.00389640,0.00e+00,58.4,50.9,7.4,0.00389420,199,0.0092,0.1232
